Class,Count,Proportion
1,2287,0.6534285714285715
3,2,0.0005714285714285715
8,478,0.13657142857142857
9,301,0.086
11,57,0.016285714285714285
12,375,0.10714285714285714
