Class,Count,Proportion
1,2145,0.6128571428571429
2,38,0.010857142857142857
3,272,0.07771428571428571
8,24,0.006857142857142857
9,855,0.24428571428571427
11,90,0.025714285714285714
12,76,0.021714285714285714
