Class,Count,Proportion
1,1874,0.5354285714285715
3,36,0.010285714285714285
8,1131,0.3231428571428571
9,399,0.114
11,46,0.013142857142857144
12,14,0.004
