Class,Count,Proportion
1,1906,0.5445714285714286
3,24,0.006857142857142857
4,303,0.08657142857142858
8,1195,0.3414285714285714
9,16,0.004571428571428572
11,15,0.004285714285714286
12,41,0.011714285714285714
