Class,Count,Proportion
1,252,0.072
2,120,0.03428571428571429
8,192,0.054857142857142854
9,515,0.14714285714285713
11,1166,0.33314285714285713
12,1255,0.3585714285714286
