Class,Count,Proportion
1,2343,0.6694285714285715
3,252,0.072
11,25,0.007142857142857143
12,880,0.25142857142857145
